<?xml version="1.0" encoding="UTF-8"?>
<MF0 version="1.1" packageUris="http://schema.mathworks.com/mf0/slsa_mm_parameter_tuning/R2021b">
  <slsa.mm.parametertuning.VariableRegistry type="slsa.mm.parametertuning.VariableRegistry" uuid="c651c57a-3ada-4763-b6f4-6a57ae2081d4">
    <blockParameters type="slsa.mm.parametertuning.BlockParameter" uuid="c1899f7a-8dfe-42d8-b0e9-77ca998042ab">
      <blockPath>drone_5DOF_observer/Constant2</blockPath>
      <parameterName>Value</parameterName>
      <expression type="slsa.mm.parametertuning.Expression" uuid="3e27d7ff-78c3-4e54-ac17-0116f28af3ae"/>
      <valueAttributes type="slsa.mm.parametertuning.ValueAttributes" uuid="77d71316-0770-4cee-aa80-196d58085821">
        <className>double</className>
        <dimensions>3</dimensions>
        <dimensions>1</dimensions>
      </valueAttributes>
    </blockParameters>
    <defaultValueCachePath>C:\Users\Shadow\Documents\ENGR580\Project\to submit\slprj\raccel\drone_5DOF_observer\drone_5DOF_observer_default_variable_values.mat</defaultValueCachePath>
    <expressions type="slsa.mm.parametertuning.Expression" uuid="3e27d7ff-78c3-4e54-ac17-0116f28af3ae">
      <expression>[-mass*g;0;0]</expression>
      <users type="slsa.mm.parametertuning.BlockParameter" uuid="c1899f7a-8dfe-42d8-b0e9-77ca998042ab"/>
      <variables type="slsa.mm.parametertuning.Variable" uuid="dce84bd8-7e65-428d-a57f-4c6aff5562d7"/>
      <variables type="slsa.mm.parametertuning.Variable" uuid="7fe2307c-1180-4291-b350-36f778fc63eb"/>
    </expressions>
    <name>drone_5DOF_observer</name>
    <variables type="slsa.mm.parametertuning.Variable" uuid="49f22569-25b4-4777-9890-6f022d465934">
      <name>Ki</name>
      <workspace type="slsa.mm.parametertuning.Workspace" uuid="fb4f78e6-8ec4-4e63-a807-071b6578b3f2"/>
    </variables>
    <variables type="slsa.mm.parametertuning.Variable" uuid="b9f45adf-9bbb-4fd1-b72b-7b0b7b031436">
      <name>A</name>
      <workspace type="slsa.mm.parametertuning.Workspace" uuid="fb4f78e6-8ec4-4e63-a807-071b6578b3f2"/>
    </variables>
    <variables type="slsa.mm.parametertuning.Variable" uuid="c5aebd07-ce2f-406c-9d77-2e3fd4812641">
      <name>B</name>
      <workspace type="slsa.mm.parametertuning.Workspace" uuid="fb4f78e6-8ec4-4e63-a807-071b6578b3f2"/>
    </variables>
    <variables type="slsa.mm.parametertuning.Variable" uuid="52510c35-1418-4ae0-b98b-1976d2381d1d">
      <name>Cob</name>
      <workspace type="slsa.mm.parametertuning.Workspace" uuid="fb4f78e6-8ec4-4e63-a807-071b6578b3f2"/>
    </variables>
    <variables type="slsa.mm.parametertuning.Variable" uuid="bb577047-7e06-4ee6-b927-b7b9bafec322">
      <name>DisturbanceVariance</name>
      <workspace type="slsa.mm.parametertuning.Workspace" uuid="fb4f78e6-8ec4-4e63-a807-071b6578b3f2"/>
    </variables>
    <variables type="slsa.mm.parametertuning.Variable" uuid="d70d2109-497f-4cf4-b020-b3f92b81a251">
      <name>L</name>
      <workspace type="slsa.mm.parametertuning.Workspace" uuid="fb4f78e6-8ec4-4e63-a807-071b6578b3f2"/>
    </variables>
    <variables type="slsa.mm.parametertuning.Variable" uuid="5f547e3f-c9cb-4637-a743-6d2018d20d43">
      <name>K</name>
      <workspace type="slsa.mm.parametertuning.Workspace" uuid="fb4f78e6-8ec4-4e63-a807-071b6578b3f2"/>
    </variables>
    <variables type="slsa.mm.parametertuning.Variable" uuid="5e33de14-f30f-4efe-9343-3cee4f20851c">
      <name>Kp</name>
      <workspace type="slsa.mm.parametertuning.Workspace" uuid="fb4f78e6-8ec4-4e63-a807-071b6578b3f2"/>
    </variables>
    <variables type="slsa.mm.parametertuning.Variable" uuid="c069627e-8a68-4fd8-8f82-5c9bb19b36d2">
      <name>ObservedVariance</name>
      <workspace type="slsa.mm.parametertuning.Workspace" uuid="fb4f78e6-8ec4-4e63-a807-071b6578b3f2"/>
    </variables>
    <variables type="slsa.mm.parametertuning.Variable" uuid="65e582f9-70f8-47da-bd78-0a9a0bc2c886">
      <name>TrackingEnabled</name>
      <workspace type="slsa.mm.parametertuning.Workspace" uuid="fb4f78e6-8ec4-4e63-a807-071b6578b3f2"/>
    </variables>
    <variables type="slsa.mm.parametertuning.Variable" uuid="b3e9e52c-c8ea-49df-98b0-bd631f22fad0">
      <name>x0</name>
      <workspace type="slsa.mm.parametertuning.Workspace" uuid="fb4f78e6-8ec4-4e63-a807-071b6578b3f2"/>
    </variables>
    <variables type="slsa.mm.parametertuning.Variable" uuid="dce84bd8-7e65-428d-a57f-4c6aff5562d7">
      <expressions type="slsa.mm.parametertuning.Expression" uuid="3e27d7ff-78c3-4e54-ac17-0116f28af3ae"/>
      <name>g</name>
      <workspace type="slsa.mm.parametertuning.Workspace" uuid="fb4f78e6-8ec4-4e63-a807-071b6578b3f2"/>
    </variables>
    <variables type="slsa.mm.parametertuning.Variable" uuid="7fe2307c-1180-4291-b350-36f778fc63eb">
      <expressions type="slsa.mm.parametertuning.Expression" uuid="3e27d7ff-78c3-4e54-ac17-0116f28af3ae"/>
      <name>mass</name>
      <workspace type="slsa.mm.parametertuning.Workspace" uuid="fb4f78e6-8ec4-4e63-a807-071b6578b3f2"/>
    </variables>
    <workspaces type="slsa.mm.parametertuning.Workspace" uuid="fb4f78e6-8ec4-4e63-a807-071b6578b3f2">
      <name>global-workspace</name>
      <variables type="slsa.mm.parametertuning.Variable" uuid="49f22569-25b4-4777-9890-6f022d465934"/>
      <variables type="slsa.mm.parametertuning.Variable" uuid="b9f45adf-9bbb-4fd1-b72b-7b0b7b031436"/>
      <variables type="slsa.mm.parametertuning.Variable" uuid="c5aebd07-ce2f-406c-9d77-2e3fd4812641"/>
      <variables type="slsa.mm.parametertuning.Variable" uuid="52510c35-1418-4ae0-b98b-1976d2381d1d"/>
      <variables type="slsa.mm.parametertuning.Variable" uuid="bb577047-7e06-4ee6-b927-b7b9bafec322"/>
      <variables type="slsa.mm.parametertuning.Variable" uuid="d70d2109-497f-4cf4-b020-b3f92b81a251"/>
      <variables type="slsa.mm.parametertuning.Variable" uuid="5f547e3f-c9cb-4637-a743-6d2018d20d43"/>
      <variables type="slsa.mm.parametertuning.Variable" uuid="5e33de14-f30f-4efe-9343-3cee4f20851c"/>
      <variables type="slsa.mm.parametertuning.Variable" uuid="c069627e-8a68-4fd8-8f82-5c9bb19b36d2"/>
      <variables type="slsa.mm.parametertuning.Variable" uuid="65e582f9-70f8-47da-bd78-0a9a0bc2c886"/>
      <variables type="slsa.mm.parametertuning.Variable" uuid="b3e9e52c-c8ea-49df-98b0-bd631f22fad0"/>
      <variables type="slsa.mm.parametertuning.Variable" uuid="dce84bd8-7e65-428d-a57f-4c6aff5562d7"/>
      <variables type="slsa.mm.parametertuning.Variable" uuid="7fe2307c-1180-4291-b350-36f778fc63eb"/>
    </workspaces>
  </slsa.mm.parametertuning.VariableRegistry>
</MF0>